"Name","API Name","Memory","Compute Units (ECU)","vCPUs","GPUs","FPGAs","ECU per vCPU","Physical Processor","Clock Speed(GHz)","Intel AVX","Intel AVX2","Intel Turbo","Instance Storage","Instance Storage: already warmed-up","Instance Storage: SSD TRIM Support","Arch","Network Performance","EBS Optimized: Max Bandwidth","EBS Optimized: Throughput","EBS Optimized: Max 16K IOPS","Max IPs","Enhanced Networking","VPC Only","IPv6 Support","Placement Group Support","Linux Virtualization","Linux On Demand cost","Linux Reserved cost","RHEL On Demand cost","RHEL Reserved cost","SLES On Demand cost","SLES Reserved cost","Windows On Demand cost","Windows Reserved cost","Windows SQL Web On Demand cost","Windows SQL Web Reserved cost","Windows SQL Std On Demand cost","Windows SQL Std Reserved cost","Windows SQL Ent On Demand cost","Windows SQL Ent Reserved cost","EBS Optimized surcharge"
"M1 General Purpose Small","m1.small","1.7 GiB","1 units","1 vCPUs","0","0","1 units","","","","","","160 GiB               HDD               + 900MB swap","No","N/A","32/64-bit","Low","N/A","0 MB/s","0 IOPS","8","No","No","No","No","PV","$0.044000 hourly","$0.028000 hourly","$0.104 hourly","$0.088 hourly","$0.074 hourly","$0.052 hourly","$0.075000 hourly","$0.057000 hourly","$0.139 hourly","$0.094 hourly","$0.629 hourly","$0.473 hourly","unavailable","unavailable","unavailable"
"M1 General Purpose Medium","m1.medium","3.75 GiB","2 units","1 vCPUs","0","0","2 units","","","","","","410 GiB               HDD","No","N/A","32/64-bit","Moderate","N/A","0 MB/s","0 IOPS","12","No","No","No","No","PV","$0.087000 hourly","$0.056000 hourly","$0.147 hourly","$0.116 hourly","$0.187 hourly","$0.092 hourly","$0.149000 hourly","$0.115000 hourly","$0.237 hourly","$0.155 hourly","$0.744 hourly","$0.543 hourly","unavailable","unavailable","unavailable"
"M1 General Purpose Large","m1.large","7.5 GiB","4 units","2 vCPUs","0","0","2 units","","","","","","840 GiB               (2 * 420 GiB HDD)","No","N/A","64-bit","Moderate","500.0 Mbps","62.5 MB/s","4000.0 IOPS","30","No","No","No","No","PV","$0.175000 hourly","$0.112000 hourly","$0.235 hourly","$0.172 hourly","$0.275 hourly","$0.148 hourly","$0.299000 hourly","$0.232000 hourly","$0.435 hourly","$0.284 hourly","$0.955 hourly","$0.665 hourly","unavailable","unavailable","$0.025 hourly"
"M1 General Purpose Extra Large","m1.xlarge","15.0 GiB","8 units","4 vCPUs","0","0","2 units","","","","","","1680 GiB               (4 * 420 GiB HDD)","No","N/A","64-bit","High","1000.0 Mbps","125.0 MB/s","8000.0 IOPS","60","No","No","No","No","PV","$0.350000 hourly","$0.224000 hourly","$0.41 hourly","$0.284 hourly","$0.45 hourly","$0.260 hourly","$0.598000 hourly","$0.465000 hourly","$0.83 hourly","$0.543 hourly","$1.362 hourly","$0.906 hourly","unavailable","unavailable","$0.05 hourly"
"C1 High-CPU Medium","c1.medium","1.7 GiB","5 units","2 vCPUs","0","0","2.5 units","","","","","","350 GiB               HDD               + 900MB swap","No","N/A","32/64-bit","Moderate","N/A","0 MB/s","0 IOPS","12","No","No","No","No","PV","$0.130000 hourly","$0.091000 hourly","$0.19 hourly","$0.151 hourly","$0.23 hourly","$0.127 hourly","$0.210000 hourly","$0.179000 hourly","$0.31 hourly","$0.215 hourly","unavailable","unavailable","unavailable","unavailable","unavailable"
"C1 High-CPU Extra Large","c1.xlarge","7.0 GiB","20 units","8 vCPUs","0","0","2.5 units","","","","","","1680 GiB               (4 * 420 GiB HDD)","No","N/A","64-bit","High","1000.0 Mbps","125.0 MB/s","8000.0 IOPS","60","No","No","No","No","PV","$0.520000 hourly","$0.364000 hourly","$0.65 hourly","$0.494 hourly","$0.62 hourly","$0.400 hourly","$0.840000 hourly","$0.719000 hourly","$1.16 hourly","$0.793 hourly","$2.124 hourly","$1.537 hourly","unavailable","unavailable","$0.05 hourly"
"Cluster Compute Eight Extra Large","cc2.8xlarge","60.5 GiB","88 units","32 vCPUs","0","0","2.75 units","","","","","","3360 GiB               (4 * 840 GiB HDD)","No","N/A","64-bit","10 Gigabit","N/A","0 MB/s","0 IOPS","240","No","No","No","No","HVM","$2.000000 hourly","$1.090000 hourly","$2.13 hourly","$1.220 hourly","$2.1 hourly","$1.126 hourly","$2.570000 hourly","$1.336000 hourly","$2.775 hourly","$1.437 hourly","$4.41 hourly","$2.956 hourly","unavailable","unavailable","unavailable"
"Cluster GPU Quadruple Extra Large","cg1.4xlarge","22.5 GiB","33.5 units","16 vCPUs","0","0","2.094 units","","","","","","EBS only","N/A","N/A","64-bit","10 Gigabit","N/A","0 MB/s","0 IOPS","N/A","No","No","No","No","HVM","$2.100000 hourly","unavailable","$2.23 hourly","unavailable","$2.2 hourly","unavailable","$2.600000 hourly","unavailable","$2.703 hourly","unavailable","$3.85 hourly","unavailable","unavailable","unavailable","unavailable"
"M2 High Memory Extra Large","m2.xlarge","17.1 GiB","6.5 units","2 vCPUs","0","0","3.25 units","","","","","","420 GiB               HDD","No","N/A","64-bit","Moderate","N/A","0 MB/s","0 IOPS","60","No","No","No","No","PV","$0.245000 hourly","$0.111000 hourly","$0.305 hourly","$0.171 hourly","$0.345 hourly","$0.147 hourly","$0.345000 hourly","$0.249000 hourly","$0.445 hourly","$0.323 hourly","$1.084 hourly","$0.728 hourly","unavailable","unavailable","unavailable"
"M2 High Memory Double Extra Large","m2.2xlarge","34.2 GiB","13 units","4 vCPUs","0","0","3.25 units","","","","","","850 GiB               HDD","No","N/A","64-bit","Moderate","500.0 Mbps","62.5 MB/s","4000.0 IOPS","120","No","No","No","No","PV","$0.490000 hourly","$0.222000 hourly","$0.55 hourly","$0.282 hourly","$0.59 hourly","$0.258 hourly","$0.690000 hourly","$0.496000 hourly","$0.85 hourly","$0.622 hourly","$1.489 hourly","$0.944 hourly","unavailable","unavailable","$0.025 hourly"
"M2 High Memory Quadruple Extra Large","m2.4xlarge","68.4 GiB","26 units","8 vCPUs","0","0","3.25 units","","","","","","1680 GiB               (2 * 840 GiB HDD)","No","N/A","64-bit","High","1000.0 Mbps","125.0 MB/s","8000.0 IOPS","240","No","No","No","No","PV","$0.980000 hourly","$0.444000 hourly","$1.11 hourly","$0.574 hourly","$1.08 hourly","$0.480 hourly","$1.380000 hourly","$0.991000 hourly","$1.7 hourly","$1.245 hourly","$2.976 hourly","$1.887 hourly","unavailable","unavailable","$0.05 hourly"
"High Storage Eight Extra Large","hs1.8xlarge","117.0 GiB","35 units","16 vCPUs","0","0","2.188 units","","","","","","48000 GiB               (24 * 2000 GiB HDD)","No","N/A","64-bit","10 Gigabit","N/A","0 MB/s","0 IOPS","240","No","No","No","No","HVM, PV","$4.600000 hourly","$2.574000 hourly","$4.73 hourly","$2.704 hourly","$4.7 hourly","$2.610 hourly","$4.931000 hourly","$2.961000 hourly","$5.144 hourly","$3.211 hourly","$8.35 hourly","$6.961 hourly","unavailable","unavailable","unavailable"
"T1 Micro","t1.micro","0.613 GiB","Burstable","1 vCPUs","0","0","Burstable","","","","","","EBS only","N/A","N/A","32/64-bit","Very Low","N/A","0 MB/s","0 IOPS","4","No","No","No","No","PV","$0.020000 hourly","$0.014000 hourly","$0.08 hourly","$0.074 hourly","$0.03 hourly","$0.022 hourly","$0.020000 hourly","$0.015000 hourly","$0.07 hourly","$0.047 hourly","unavailable","unavailable","unavailable","unavailable","unavailable"
"T2 Nano","t2.nano","0.5 GiB","Base performance:                 5%","1 vCPUs                                                   for a                 1h 12m                 burst","0","0","Burstable","Intel Xeon family","up to 3.3","Yes","","Yes","EBS only","N/A","N/A","32/64-bit","Low","N/A","0 MB/s","0 IOPS","4","No","Yes","Yes","No","HVM","$0.005800 hourly","$0.004000 hourly","unavailable","unavailable","$0.0158 hourly","$0.013 hourly","$0.008100 hourly","$0.006000 hourly","unavailable","unavailable","unavailable","unavailable","unavailable","unavailable","unavailable"
"T2 Micro","t2.micro","1.0 GiB","Base performance:                 10%","1 vCPUs                                                   for a                 2h 24m                 burst","0","0","Burstable","Intel Xeon family","Up to 3.3","Yes","","Yes","EBS only","N/A","N/A","32/64-bit","Low to Moderate","N/A","0 MB/s","0 IOPS","4","No","Yes","Yes","No","HVM","$0.011600 hourly","$0.007000 hourly","$0.0716 hourly","$0.067 hourly","$0.0216 hourly","$0.016 hourly","$0.016200 hourly","$0.012000 hourly","$0.068 hourly","$0.047 hourly","unavailable","unavailable","unavailable","unavailable","unavailable"
"T2 Small","t2.small","2.0 GiB","Base performance:                 20%","1 vCPUs                                                   for a                 4h 48m                 burst","0","0","Burstable","Intel Xeon family","Up to 3.3","Yes","","Yes","EBS only","N/A","N/A","32/64-bit","Low to Moderate","N/A","0 MB/s","0 IOPS","8","No","Yes","Yes","No","HVM","$0.023000 hourly","$0.014000 hourly","$0.083 hourly","$0.074 hourly","$0.053 hourly","$0.028 hourly","$0.032000 hourly","$0.024000 hourly","$0.1034 hourly","$0.093 hourly","unavailable","unavailable","unavailable","unavailable","unavailable"
"T2 Medium","t2.medium","4.0 GiB","Base performance:                 40%","2 vCPUs                                                   for a                 4h 48m                 burst","0","0","Burstable","Intel Xeon family","Up to 3.3","Yes","","Yes","EBS only","N/A","N/A","32/64-bit","Low to Moderate","N/A","0 MB/s","0 IOPS","18","No","Yes","Yes","No","HVM","$0.046400 hourly","$0.029000 hourly","$0.1064 hourly","$0.089 hourly","$0.1464 hourly","$0.062 hourly","$0.064400 hourly","$0.047000 hourly","$0.1358 hourly","$0.118 hourly","unavailable","unavailable","unavailable","unavailable","unavailable"
"T2 Large","t2.large","8.0 GiB","Base performance:                 60%","2 vCPUs                                                   for a                 7h 12m                 burst","0","0","Burstable","Intel Xeon family","Up to 3.0","Yes","","Yes","EBS only","N/A","N/A","64-bit","Low to Moderate","N/A","0 MB/s","0 IOPS","36","No","Yes","Yes","No","HVM","$0.092800 hourly","$0.058000 hourly","$0.1528 hourly","$0.118 hourly","$0.1928 hourly","$0.091 hourly","$0.120800 hourly","$0.086000 hourly","$0.1918 hourly","$0.157 hourly","unavailable","unavailable","unavailable","unavailable","unavailable"
"T2 Extra Large","t2.xlarge","16.0 GiB","Base performance:                 90%","4 vCPUs                                                   for a                 5h 24m                 burst","0","0","Burstable","Intel Xeon family","Up to 3.0","Yes","","Yes","EBS only","N/A","N/A","64-bit","Moderate","N/A","0 MB/s","0 IOPS","45","No","Yes","Yes","No","HVM","$0.185600 hourly","$0.115000 hourly","$0.2456 hourly","$0.175 hourly","$0.2856 hourly","$0.148 hourly","$0.226600 hourly","$0.156000 hourly","$0.298 hourly","$0.227 hourly","unavailable","unavailable","unavailable","unavailable","unavailable"
"T2 Double Extra Large","t2.2xlarge","32.0 GiB","Base performance:                 135%","8 vCPUs                                                   for a                 4h 3m                 burst","0","0","Burstable","Intel Xeon family","Up to 3.0","Yes","","Yes","EBS only","N/A","N/A","64-bit","Moderate","N/A","0 MB/s","0 IOPS","45","No","Yes","Yes","No","HVM","$0.371200 hourly","$0.230000 hourly","$0.5012 hourly","$0.360 hourly","$0.4712 hourly","$0.263 hourly","$0.433200 hourly","$0.292000 hourly","$0.5742 hourly","$0.433 hourly","unavailable","unavailable","unavailable","unavailable","unavailable"
"M5 General Purpose Large","m5.large","8.0 GiB","10 units","2 vCPUs","0","0","5 units","Intel Xeon Platinum","2.5","Yes","Yes","Yes","EBS only","N/A","N/A","64-bit","High","2120.0 Mbps","265.0 MB/s","16000.0 IOPS","30","Yes","Yes","Yes","Yes","HVM","$0.096000 hourly","$0.061000 hourly","$0.156 hourly","$0.121 hourly","$0.196 hourly","$0.094 hourly","$0.188000 hourly","$0.153000 hourly","$0.256 hourly","$0.221 hourly","$0.668 hourly","$0.633 hourly","unavailable","unavailable","0"
"M5 General Purpose Extra Large","m5.xlarge","16.0 GiB","15 units","4 vCPUs","0","0","3.75 units","Intel Xeon Platinum","2.5","Yes","Yes","Yes","EBS only","N/A","N/A","64-bit","High","2120.0 Mbps","265.0 MB/s","16000.0 IOPS","60","Yes","Yes","Yes","Yes","HVM","$0.192000 hourly","$0.123000 hourly","$0.252 hourly","$0.183 hourly","$0.292 hourly","$0.156 hourly","$0.376000 hourly","$0.307000 hourly","$0.444 hourly","$0.374 hourly","$0.856 hourly","$0.787 hourly","$1.876 hourly","$1.807 hourly","0"
"M5 General Purpose Double Extra Large","m5.2xlarge","32.0 GiB","31 units","8 vCPUs","0","0","3.875 units","Intel Xeon Platinum","2.5","Yes","Yes","Yes","EBS only","N/A","N/A","64-bit","High","2120.0 Mbps","265.0 MB/s","16000.0 IOPS","60","Yes","Yes","Yes","Yes","HVM","$0.384000 hourly","$0.245000 hourly","$0.514 hourly","$0.375 hourly","$0.484 hourly","$0.278 hourly","$0.752000 hourly","$0.613000 hourly","$0.887 hourly","$0.749 hourly","$1.712 hourly","$1.573 hourly","$3.752 hourly","$3.613 hourly","0"
"M5 General Purpose Quadruple Extra Large","m5.4xlarge","64.0 GiB","61 units","16 vCPUs","0","0","3.812 units","Intel Xeon Platinum","2.5","Yes","Yes","Yes","EBS only","N/A","N/A","64-bit","High","2120.0 Mbps","265.0 MB/s","16000.0 IOPS","240","Yes","Yes","Yes","Yes","HVM","$0.768000 hourly","$0.491000 hourly","$0.898 hourly","$0.621 hourly","$0.868 hourly","$0.524 hourly","$1.504000 hourly","$1.227000 hourly","$1.774 hourly","$1.497 hourly","$3.424 hourly","$3.147 hourly","$7.504 hourly","$7.227 hourly","0"
"M5 General Purpose 12xlarge","m5.12xlarge","192.0 GiB","173 units","48 vCPUs","0","0","3.604 units","Intel Xeon Platinum","2.5","Yes","Yes","Yes","EBS only","N/A","N/A","64-bit","High","5000.0 Mbps","625.0 MB/s","32500.0 IOPS","240","Yes","Yes","Yes","Yes","HVM","$2.304000 hourly","$1.472000 hourly","$2.434 hourly","$1.602 hourly","$2.404 hourly","$1.505 hourly","$4.512000 hourly","$3.680000 hourly","$5.323 hourly","$4.491 hourly","$10.272 hourly","$9.440 hourly","$22.512 hourly","$21.680 hourly","0"
"M5 General Purpose 24xlarge","m5.24xlarge","384.0 GiB","345 units","96 vCPUs","0","0","3.594 units","Intel Xeon Platinum","2.5","Yes","Yes","Yes","EBS only","N/A","N/A","64-bit","High","10000.0 Mbps","1250.0 MB/s","65000.0 IOPS","750","Yes","Yes","Yes","Yes","HVM","$4.608000 hourly","$2.944000 hourly","$4.738 hourly","$3.074 hourly","$4.708 hourly","$2.977 hourly","$9.024000 hourly","$7.360000 hourly","$10.646 hourly","$8.982 hourly","$20.544 hourly","$18.880 hourly","$45.024 hourly","$43.360 hourly","0"
"M4 General Purpose Large","m4.large","8.0 GiB","6.5 units","2 vCPUs","0","0","3.25 units","Intel Xeon E5-2676 v3","2.4","Yes","Yes","Yes","EBS only","N/A","N/A","64-bit","Moderate","450.0 Mbps","56.25 MB/s","3600.0 IOPS","20","Yes","Yes","Yes","Yes","HVM","$0.100000 hourly","$0.062000 hourly","$0.16 hourly","$0.122 hourly","$0.2 hourly","$0.095 hourly","$0.192000 hourly","$0.154000 hourly","$0.24 hourly","$0.194 hourly","$0.672 hourly","$0.634 hourly","unavailable","unavailable","$0.00 hourly"
"M4 General Purpose Extra Large","m4.xlarge","16.0 GiB","13 units","4 vCPUs","0","0","3.25 units","Intel Xeon E5-2676 v3","2.4","Yes","Yes","Yes","EBS only","N/A","N/A","64-bit","High","750.0 Mbps","93.75 MB/s","6000.0 IOPS","60","Yes","Yes","Yes","Yes","HVM","$0.200000 hourly","$0.124000 hourly","$0.26 hourly","$0.184 hourly","$0.3 hourly","$0.157 hourly","$0.384000 hourly","$0.308000 hourly","$0.439 hourly","$0.346 hourly","$0.864 hourly","$0.788 hourly","$1.884 hourly","$1.808 hourly","$0.00 hourly"
"M4 General Purpose Double Extra Large","m4.2xlarge","32.0 GiB","26 units","8 vCPUs","0","0","3.25 units","Intel Xeon E5-2676 v3","2.4","Yes","Yes","Yes","EBS only","N/A","N/A","64-bit","High","1000.0 Mbps","125.0 MB/s","8000.0 IOPS","60","Yes","Yes","Yes","Yes","HVM","$0.400000 hourly","$0.248000 hourly","$0.53 hourly","$0.378 hourly","$0.5 hourly","$0.281 hourly","$0.768000 hourly","$0.616000 hourly","$0.9 hourly","$0.689 hourly","$1.728 hourly","$1.576 hourly","$3.768 hourly","$3.616 hourly","$0.00 hourly"
"M4 General Purpose Quadruple Extra Large","m4.4xlarge","64.0 GiB","53.5 units","16 vCPUs","0","0","3.344 units","Intel Xeon E5-2676 v3","2.4","Yes","Yes","Yes","EBS only","N/A","N/A","64-bit","High","2000.0 Mbps","250.0 MB/s","16000.0 IOPS","240","Yes","Yes","Yes","Yes","HVM","$0.800000 hourly","$0.496000 hourly","$0.93 hourly","$0.626 hourly","$0.9 hourly","$0.529 hourly","$1.536000 hourly","$1.232000 hourly","$1.844 hourly","$1.381 hourly","$3.456 hourly","$3.152 hourly","$7.536 hourly","$7.232 hourly","$0.00 hourly"
"M4 General Purpose Deca Extra Large","m4.10xlarge","160.0 GiB","124.5 units","40 vCPUs","0","0","3.112 units","Intel Xeon E5-2676 v3","2.4","Yes","Yes","Yes","EBS only","N/A","N/A","64-bit","10 Gigabit","4000.0 Mbps","500.0 MB/s","32000.0 IOPS","240","Yes","Yes","Yes","Yes","HVM","$2.000000 hourly","$1.239000 hourly","$2.13 hourly","$1.369 hourly","$2.1 hourly","$1.272 hourly","$3.840000 hourly","$3.079000 hourly","$4.582 hourly","$3.449 hourly","$8.64 hourly","$7.879 hourly","$18.84 hourly","$18.079 hourly","$0.00 hourly"
"M4 General Purpose 16xlarge","m4.16xlarge","256.0 GiB","188 units","64 vCPUs","0","0","2.938 units","Intel Xeon E5-2686 v4","2.3","Yes","Yes","Yes","EBS only","N/A","N/A","64-bit","25 Gigabit","10000.0 Mbps","1250.0 MB/s","65000.0 IOPS","240","Yes","Yes","Yes","Yes","HVM","$3.200000 hourly","$1.982000 hourly","$3.33 hourly","$2.112 hourly","$3.3 hourly","$2.015 hourly","$6.144000 hourly","$4.926000 hourly","$7.331 hourly","$5.518 hourly","$13.824 hourly","$12.606 hourly","$30.144 hourly","$28.926 hourly","0"
"C5 High-CPU Large","c5.large","4.0 GiB","8 units","2 vCPUs","0","0","4 units","Intel Xeon Platinum","3.0","Yes","Yes","Yes","EBS only","N/A","N/A","64-bit","Up to 10 Gbps","2250.0 Mbps","281.0 MB/s","16000.0 IOPS","30","Yes","Yes","Yes","Yes","HVM","$0.085000 hourly","$0.054000 hourly","$0.145 hourly","$0.114 hourly","$0.185 hourly","$0.087 hourly","$0.177000 hourly","$0.146000 hourly","$0.245 hourly","$0.213 hourly","$0.657 hourly","$0.626 hourly","unavailable","unavailable","$0.00 hourly"
"C5 High-CPU Extra Large","c5.xlarge","8.0 GiB","16 units","4 vCPUs","0","0","4 units","Intel Xeon Platinum","3.0","Yes","Yes","Yes","EBS only","N/A","N/A","64-bit","Up to 10 Gbps","2250.0 Mbps","281.0 MB/s","16000.0 IOPS","60","Yes","Yes","Yes","Yes","HVM","$0.170000 hourly","$0.107000 hourly","$0.23 hourly","$0.167 hourly","$0.27 hourly","$0.140 hourly","$0.354000 hourly","$0.291000 hourly","$0.422 hourly","$0.359 hourly","$0.834 hourly","$0.771 hourly","$1.854 hourly","$1.791 hourly","$0.00 hourly"
"C5 High-CPU Double Extra Large","c5.2xlarge","16.0 GiB","31 units","8 vCPUs","0","0","3.875 units","Intel Xeon Platinum","3.0","Yes","Yes","Yes","EBS only","N/A","N/A","64-bit","Up to 10 Gbps","2250.0 Mbps","281.0 MB/s","16000.0 IOPS","60","Yes","Yes","Yes","Yes","HVM","$0.340000 hourly","$0.214000 hourly","$0.47 hourly","$0.344 hourly","$0.44 hourly","$0.247 hourly","$0.708000 hourly","$0.582000 hourly","$0.843 hourly","$0.717 hourly","$1.668 hourly","$1.542 hourly","$3.708 hourly","$3.582 hourly","$0.00 hourly"
"C5 High-CPU Quadruple Extra Large","c5.4xlarge","32.0 GiB","62 units","16 vCPUs","0","0","3.875 units","Intel Xeon Platinum","3.0","Yes","Yes","Yes","EBS only","N/A","N/A","64-bit","Up to 10 Gpbs","2250.0 Mbps","281.0 MB/s","16000.0 IOPS","240","Yes","Yes","Yes","Yes","HVM","$0.680000 hourly","$0.428000 hourly","$0.81 hourly","$0.558 hourly","$0.78 hourly","$0.461 hourly","$1.416000 hourly","$1.164000 hourly","$1.686 hourly","$1.435 hourly","$3.336 hourly","$3.084 hourly","$7.416 hourly","$7.164 hourly","$0.00 hourly"
"C5 High-CPU 9xlarge","c5.9xlarge","72.0 GiB","139 units","36 vCPUs","0","0","3.861 units","Intel Xeon Platinum","3.0","Yes","Yes","Yes","EBS only","N/A","N/A","64-bit","10 Gigabit","4500.0 Mbps","563.0 MB/s","32000.0 IOPS","240","Yes","Yes","Yes","Yes","HVM","$1.530000 hourly","$0.964000 hourly","$1.66 hourly","$1.094 hourly","$1.63 hourly","$0.997 hourly","$3.186000 hourly","$2.620000 hourly","$3.794 hourly","$3.228 hourly","$7.506 hourly","$6.940 hourly","$16.686 hourly","$16.120 hourly","$0.00 hourly"
"C5 High-CPU 18xlarge","c5.18xlarge","144.0 GiB","278 units","72 vCPUs","0","0","3.861 units","Intel Xeon Platinum","3.0","Yes","Yes","Yes","EBS only","N/A","N/A","64-bit","25 Gigabit","9000.0 Mbps","1125.0 MB/s","64000.0 IOPS","750","Yes","Yes","Yes","Yes","HVM","$3.060000 hourly","$1.928000 hourly","$3.19 hourly","$2.058 hourly","$3.16 hourly","$1.961 hourly","$6.372000 hourly","$5.240000 hourly","$7.589 hourly","$6.457 hourly","$15.012 hourly","$13.880 hourly","$33.372 hourly","$32.240 hourly","$0.00 hourly"
"C4 High-CPU Large","c4.large","3.75 GiB","8 units","2 vCPUs","0","0","4 units","Intel Xeon E5-2666 v3","2.9","Yes","Yes","","EBS only","N/A","N/A","64-bit","Moderate","500.0 Mbps","62.5 MB/s","4000.0 IOPS","30","Yes","Yes","Yes","Yes","HVM","$0.100000 hourly","$0.063000 hourly","$0.16 hourly","$0.123 hourly","$0.2 hourly","$0.096 hourly","$0.192000 hourly","$0.155000 hourly","$0.331 hourly","$0.226 hourly","$1.319 hourly","$1.068 hourly","unavailable","unavailable","$0.00 hourly"
"C4 High-CPU Extra Large","c4.xlarge","7.5 GiB","16 units","4 vCPUs","0","0","4 units","Intel Xeon E5-2666 v3","2.9","Yes","Yes","","EBS only","N/A","N/A","64-bit","High","750.0 Mbps","93.75 MB/s","6000.0 IOPS","60","Yes","Yes","Yes","Yes","HVM","$0.199000 hourly","$0.126000 hourly","$0.259 hourly","$0.186 hourly","$0.299 hourly","$0.159 hourly","$0.383000 hourly","$0.310000 hourly","$0.624 hourly","$0.381 hourly","$1.51 hourly","$1.270 hourly","$1.883 hourly","$1.810 hourly","$0.00 hourly"
"C4 High-CPU Double Extra Large","c4.2xlarge","15.0 GiB","31 units","8 vCPUs","0","0","3.875 units","Intel Xeon E5-2666 v3","2.9","Yes","Yes","","EBS only","N/A","N/A","64-bit","High","1000.0 Mbps","125.0 MB/s","8000.0 IOPS","60","Yes","Yes","Yes","Yes","HVM","$0.398000 hourly","$0.252000 hourly","$0.528 hourly","$0.382 hourly","$0.498 hourly","$0.285 hourly","$0.766000 hourly","$0.620000 hourly","$1.296 hourly","$0.761 hourly","$3.019 hourly","$2.525 hourly","$3.766 hourly","$3.620 hourly","$0.00 hourly"
"C4 High-CPU Quadruple Extra Large","c4.4xlarge","30.0 GiB","62 units","16 vCPUs","0","0","3.875 units","Intel Xeon E5-2666 v3","2.9","Yes","Yes","","EBS only","N/A","N/A","64-bit","High","2000.0 Mbps","250.0 MB/s","16000.0 IOPS","240","Yes","Yes","Yes","Yes","HVM","$0.796000 hourly","$0.504000 hourly","$0.926 hourly","$0.634 hourly","$0.896 hourly","$0.537 hourly","$1.532000 hourly","$1.240000 hourly","$1.814 hourly","$1.522 hourly","$5.538 hourly","$4.203 hourly","$7.532 hourly","$7.240 hourly","$0.00 hourly"
"C4 High-CPU Eight Extra Large","c4.8xlarge","60.0 GiB","132 units","36 vCPUs","0","0","3.667 units","Intel Xeon E5-2666 v3","2.9","Yes","Yes","","EBS only","N/A","N/A","64-bit","10 Gigabit","4000.0 Mbps","500.0 MB/s","32000.0 IOPS","240","Yes","Yes","Yes","Yes","HVM","$1.591000 hourly","$1.008000 hourly","$1.721 hourly","$1.138 hourly","$1.691 hourly","$1.041 hourly","$3.091000 hourly","$2.664000 hourly","$3.881 hourly","$3.154 hourly","$12.485 hourly","$8.407 hourly","$16.747 hourly","$16.164 hourly","$0.00 hourly"
"R4 High-Memory Large","r4.large","15.25 GiB","7 units","2 vCPUs","0","0","3.5 units","Intel Xeon E5-2686 v4","2.3","Yes","Yes","Yes","EBS only","N/A","N/A","64-bit","Up to 10 Gigabit","425.0 Mbps","53.13 MB/s","3000.0 IOPS","30","Yes","Yes","Yes","Yes","HVM","$0.133000 hourly","$0.084000 hourly","$0.193 hourly","$0.144 hourly","$0.233 hourly","$0.117 hourly","$0.225000 hourly","$0.176000 hourly","$0.296 hourly","$0.247 hourly","$0.705 hourly","$0.656 hourly","unavailable","unavailable","0"
"R4 High-Memory Extra Large","r4.xlarge","30.5 GiB","13.5 units","4 vCPUs","0","0","3.375 units","Intel Xeon E5-2686 v4","2.3","Yes","Yes","Yes","EBS only","N/A","N/A","64-bit","Up to 10 Gigabit","850.0 Mbps","106.25 MB/s","6000.0 IOPS","60","Yes","Yes","Yes","Yes","HVM","$0.266000 hourly","$0.168000 hourly","$0.396 hourly","$0.228 hourly","$0.366 hourly","$0.201 hourly","$0.450000 hourly","$0.352000 hourly","$0.521 hourly","$0.423 hourly","$0.93 hourly","$0.832 hourly","$1.95 hourly","$1.852 hourly","0"
"R4 High-Memory Double Extra Large","r4.2xlarge","61.0 GiB","27 units","8 vCPUs","0","0","3.375 units","Intel Xeon E5-2686 v4","2.3","Yes","Yes","Yes","EBS only","N/A","N/A","64-bit","Up to 10 Gigabit","1700.0 Mbps","212.25 MB/s","12000.0 IOPS","60","Yes","Yes","Yes","Yes","HVM","$0.532000 hourly","$0.336000 hourly","$0.662 hourly","$0.433 hourly","$0.632 hourly","$0.369 hourly","$0.900000 hourly","$0.704000 hourly","$0.787 hourly","$0.628 hourly","$1.843 hourly","$1.664 hourly","$3.9 hourly","$3.704 hourly","0"
"R4 High-Memory Quadruple Extra Large","r4.4xlarge","122.0 GiB","53 units","16 vCPUs","0","0","3.312 units","Intel Xeon E5-2686 v4","2.3","Yes","Yes","Yes","EBS only","N/A","N/A","64-bit","Up to 10 Gigabit","3500.0 Mbps","437.5 MB/s","18750.0 IOPS","240","Yes","Yes","Yes","Yes","HVM","$1.064000 hourly","$0.672000 hourly","$1.194 hourly","$0.802 hourly","$1.164 hourly","$0.705 hourly","$1.800000 hourly","$1.408000 hourly","$2.082 hourly","$1.690 hourly","$3.72 hourly","$3.328 hourly","$7.8 hourly","$7.408 hourly","0"
"R4 High-Memory Eight Extra Large","r4.8xlarge","244.0 GiB","99 units","32 vCPUs","0","0","3.094 units","Intel Xeon E5-2686 v4","2.3","Yes","Yes","Yes","EBS only","N/A","N/A","64-bit","10 Gigabit","7000.0 Mbps","875.0 MB/s","37500.0 IOPS","240","Yes","Yes","Yes","Yes","HVM","$2.128000 hourly","$1.344000 hourly","$2.258 hourly","$1.474 hourly","$2.228 hourly","$1.377 hourly","$3.600000 hourly","$2.816000 hourly","$4.164 hourly","$3.380 hourly","$7.44 hourly","$6.656 hourly","$15.6 hourly","$14.816 hourly","0"
"R4 High-Memory 16xlarge","r4.16xlarge","488.0 GiB","195 units","64 vCPUs","0","0","3.047 units","Intel Xeon E5-2686 v4","2.3","Yes","Yes","Yes","EBS only","N/A","N/A","64-bit","25 Gigabit","14000.0 Mbps","1750.0 MB/s","75000.0 IOPS","750","Yes","Yes","Yes","Yes","HVM","$4.256000 hourly","$2.688000 hourly","$4.386 hourly","$2.818 hourly","$4.356 hourly","$2.721 hourly","$7.200000 hourly","$5.632000 hourly","$8.327 hourly","$6.759 hourly","$14.88 hourly","$13.312 hourly","$31.2 hourly","$29.632 hourly","0"
"P3 Double Extra Large","p3.2xlarge","61.0 GiB","23.5 units","8 vCPUs","1","0","2.938 units","Intel Xeon E5-2686 v4","2.3 (base) 2.7 (turbo)","Yes","Yes","Yes","EBS only","N/A","N/A","64-bit","Up to 10 Gigabit","1750.0 Mbps","218.0 MB/s","10000.0 IOPS","60","Yes","No","Yes","Yes","HVM","$3.060000 hourly","$2.088000 hourly","$3.19 hourly","$2.218 hourly","$3.16 hourly","$2.121 hourly","$3.428000 hourly","$2.456000 hourly","unavailable","unavailable","unavailable","unavailable","unavailable","unavailable","0"
"P3 Eight Extra Large","p3.8xlarge","244.0 GiB","94 units","32 vCPUs","4","0","2.938 units","Intel Xeon E5-2686 v4","2.3 (base) 2.7 (turbo)","Yes","Yes","Yes","EBS only","N/A","N/A","64-bit","10 Gigabit","7000.0 Mbps","875.0 MB/s","40000.0 IOPS","240","Yes","No","Yes","Yes","HVM","$12.240000 hourly","$8.354000 hourly","$12.37 hourly","$8.484 hourly","$12.34 hourly","$8.387 hourly","$13.712000 hourly","$9.826000 hourly","unavailable","unavailable","unavailable","unavailable","unavailable","unavailable","0"
"P3 16xlarge","p3.16xlarge","488.0 GiB","188 units","64 vCPUs","8","0","2.938 units","Intel Xeon E5-2686 v4","2.3 (base) 2.7 (turbo)","Yes","Yes","Yes","EBS only","N/A","N/A","64-bit","25 Gigabit","14000.0 Mbps","1750.0 MB/s","80000.0 IOPS","240","Yes","No","Yes","Yes","HVM","$24.480000 hourly","$16.708000 hourly","$24.61 hourly","$16.838 hourly","$24.58 hourly","$16.741 hourly","$27.424000 hourly","$19.652000 hourly","unavailable","unavailable","unavailable","unavailable","unavailable","unavailable","0"
"General Purpose GPU Extra Large","p2.xlarge","61.0 GiB","12 units","4 vCPUs","1","0","3 units","Intel Xeon E5-2686 v4","2.3 (base) 2.7 (turbo)","Yes","Yes","Yes","EBS only","N/A","N/A","64-bit","High","750.0 Mbps","93.75 MB/s","6000.0 IOPS","60","Yes","Yes","Yes","Yes","HVM","$0.900000 hourly","$0.614000 hourly","$0.96 hourly","$0.674 hourly","$1 hourly","$0.647 hourly","$1.084000 hourly","$0.798000 hourly","unavailable","unavailable","unavailable","unavailable","unavailable","unavailable","0"
"General Purpose GPU Eight Extra Large","p2.8xlarge","488.0 GiB","94 units","32 vCPUs","8","0","2.938 units","Intel Xeon E5-2686 v4","2.3 (base) 2.7 (turbo)","Yes","Yes","Yes","EBS only","N/A","N/A","64-bit","10 Gigabit","5000.0 Mbps","625.0 MB/s","32500.0 IOPS","240","Yes","Yes","Yes","Yes","HVM","$7.200000 hourly","$4.914000 hourly","$7.33 hourly","$5.044 hourly","$7.3 hourly","$4.947 hourly","$8.672000 hourly","$6.386000 hourly","unavailable","unavailable","unavailable","unavailable","$20.672 hourly","$18.386 hourly","0"
"General Purpose GPU 16xlarge","p2.16xlarge","732.0 GiB","188 units","64 vCPUs","16","0","2.938 units","Intel Xeon E5-2686 v4","2.3 (base) 2.7 (turbo)","Yes","Yes","Yes","EBS only","N/A","N/A","64-bit","25 Gigabit","10000.0 Mbps","1250.0 MB/s","65000.0 IOPS","240","Yes","Yes","Yes","Yes","HVM","$14.400000 hourly","$9.828000 hourly","$14.53 hourly","$9.958 hourly","$14.5 hourly","$9.861 hourly","$17.344000 hourly","$12.772000 hourly","unavailable","unavailable","unavailable","unavailable","$41.344 hourly","$36.772 hourly","0"
"G3 Quadruple Extra Large","g3.4xlarge","122.0 GiB","47 units","16 vCPUs","1","0","2.938 units","Intel Xeon E5-2686 v4","2.3 (base) 2.7 (turbo)","Yes","Yes","Yes","EBS only","N/A","N/A","64-bit","Up to 10 Gigabit","3500.0 Mbps","437.5 MB/s","20000.0 IOPS","240","Yes","Yes","Yes","Yes","HVM","$1.140000 hourly","$0.778000 hourly","$1.27 hourly","$0.908 hourly","$1.24 hourly","$0.811 hourly","$1.876000 hourly","$1.514000 hourly","unavailable","unavailable","unavailable","unavailable","unavailable","unavailable","0"
"G3 Eight Extra Large","g3.8xlarge","244.0 GiB","94 units","32 vCPUs","2","0","2.938 units","Intel Xeon E5-2686 v4","2.3 (base) 2.7 (turbo)","Yes","Yes","Yes","EBS only","N/A","N/A","64-bit","10 Gigabit","7000.0 Mbps","875.0 MB/s","40000.0 IOPS","240","Yes","Yes","Yes","Yes","HVM","$2.280000 hourly","$1.556000 hourly","$2.41 hourly","$1.686 hourly","$2.38 hourly","$1.589 hourly","$3.752000 hourly","$3.028000 hourly","unavailable","unavailable","unavailable","unavailable","unavailable","unavailable","0"
"G3 16xlarge","g3.16xlarge","488.0 GiB","188 units","64 vCPUs","4","0","2.938 units","Intel Xeon E5-2686 v4","2.3 (base) 2.7 (turbo)","Yes","Yes","Yes","EBS only","N/A","N/A","64-bit","25 Gigabit","14000.0 Mbps","1750.0 MB/s","80000.0 IOPS","750","Yes","Yes","Yes","Yes","HVM","$4.560000 hourly","$3.112000 hourly","$4.69 hourly","$3.242 hourly","$4.66 hourly","$3.145 hourly","$7.504000 hourly","$6.056000 hourly","unavailable","unavailable","unavailable","unavailable","unavailable","unavailable","0"
"H1 Double Extra Large","h1.2xlarge","32.0 GiB","26 units","8 vCPUs","0","0","3.25 units","","","","","","2000 GiB               HDD","Yes","N/A","64-bit","Up to 10 Gigabit","1750.0 Mbps","218.75 MB/s","12000.0 IOPS","60","Yes","Yes","Yes","Yes","HVM","$0.550000 hourly","$0.374000 hourly","$0.68 hourly","$0.504 hourly","$0.65 hourly","$0.407 hourly","$0.918000 hourly","$0.742000 hourly","$1.053 hourly","$0.877 hourly","$1.878 hourly","$1.702 hourly","$3.918 hourly","$3.742 hourly","0"
"H1 Quadruple Extra Large","h1.4xlarge","64.0 GiB","53.5 units","16 vCPUs","0","0","3.344 units","","","","","","4000 GiB               (2 * 2000 GiB HDD)","Yes","N/A","64-bit","Up to 10 Gigabit","3500.0 Mbps","437.5 MB/s","20000.0 IOPS","240","Yes","Yes","Yes","Yes","HVM","$1.100000 hourly","$0.748000 hourly","$1.23 hourly","$0.878 hourly","$1.2 hourly","$0.781 hourly","$1.836000 hourly","$1.484000 hourly","$2.106 hourly","$1.754 hourly","$3.756 hourly","$3.404 hourly","$7.836 hourly","$7.484 hourly","0"
"H1 Eight Extra Large","h1.8xlarge","128.0 GiB","99 units","32 vCPUs","0","0","3.094 units","","","","","","8000 GiB               (4 * 2000 GiB HDD)","Yes","N/A","64-bit","10 Gigabit","7000.0 Mbps","875.0 MB/s","40000.0 IOPS","240","Yes","Yes","Yes","Yes","HVM","$2.200000 hourly","$1.495000 hourly","$2.33 hourly","$1.625 hourly","$2.3 hourly","$1.528 hourly","$3.672000 hourly","$2.967000 hourly","$4.213 hourly","$3.508 hourly","$7.512 hourly","$6.807 hourly","$15.672 hourly","$14.967 hourly","0"
"H1 16xlarge","h1.16xlarge","256.0 GiB","188 units","64 vCPUs","0","0","2.938 units","","","","","","16000 GiB               (8 * 2000 GiB HDD)","Yes","N/A","64-bit","25 Gigabit","14000.0 Mbps","1750.0 MB/s","80000.0 IOPS","750","Yes","Yes","Yes","Yes","HVM","$4.400000 hourly","$2.990000 hourly","$4.53 hourly","$3.120 hourly","$4.5 hourly","$3.023 hourly","$7.344000 hourly","$5.934000 hourly","$8.426 hourly","$7.016 hourly","$15.024 hourly","$13.614 hourly","$31.344 hourly","$29.934 hourly","0"
"I3 High I/O Metal","i3.metal","512.0 GiB","0 units","N/A vCPUs","0","0","unknown","","","","","","EBS only","N/A","N/A","64-bit","25 Gigabit","N/A","0 MB/s","0 IOPS","N/A","Yes","Yes","Yes","Yes","HVM","unavailable","unavailable","unavailable","unavailable","unavailable","unavailable","unavailable","unavailable","unavailable","unavailable","unavailable","unavailable","unavailable","unavailable","unavailable"
"D2 Extra Large","d2.xlarge","30.5 GiB","14 units","4 vCPUs","0","0","3.5 units","","","","","","6000 GiB               (3 * 2000 GiB HDD)","Yes","N/A","64-bit","Moderate","750.0 Mbps","93.75 MB/s","6000.0 IOPS","60","Yes","No","Yes","Yes","HVM","$0.690000 hourly","$0.402000 hourly","$0.75 hourly","$0.462 hourly","$0.79 hourly","$0.439 hourly","$0.821000 hourly","$0.472000 hourly","unavailable","unavailable","unavailable","unavailable","$2.374 hourly","$2.086 hourly","$0.00 hourly"
"D2 Double Extra Large","d2.2xlarge","61.0 GiB","28 units","8 vCPUs","0","0","3.5 units","","","","","","12000 GiB               (6 * 2000 GiB HDD)","Yes","N/A","64-bit","High","1000.0 Mbps","125.0 MB/s","8000.0 IOPS","60","Yes","No","Yes","Yes","HVM","$1.380000 hourly","$0.804000 hourly","$1.51 hourly","$0.934 hourly","$1.48 hourly","$0.841 hourly","$1.601000 hourly","$0.885000 hourly","unavailable","unavailable","unavailable","unavailable","$4.748 hourly","$4.173 hourly","$0.00 hourly"
"D2 Quadruple Extra Large","d2.4xlarge","122.0 GiB","56 units","16 vCPUs","0","0","3.5 units","","","","","","24000 GiB               (12 * 2000 GiB HDD)","Yes","N/A","64-bit","High","2000.0 Mbps","250.0 MB/s","16000.0 IOPS","240","Yes","No","Yes","Yes","HVM","$2.760000 hourly","$1.608000 hourly","$2.89 hourly","$1.738 hourly","$2.86 hourly","$1.645 hourly","$3.062000 hourly","$1.690000 hourly","unavailable","unavailable","unavailable","unavailable","$9.496 hourly","$8.346 hourly","$0.00 hourly"
"D2 Eight Extra Large","d2.8xlarge","244.0 GiB","116 units","36 vCPUs","0","0","3.222 units","","","","","","48000 GiB               (24 * 2000 GiB HDD)","Yes","N/A","64-bit","10 Gigabit","4000.0 Mbps","500.0 MB/s","32000.0 IOPS","240","Yes","No","Yes","Yes","HVM","$5.520000 hourly","$3.216000 hourly","$5.65 hourly","$3.346 hourly","$5.62 hourly","$3.253 hourly","$6.198000 hourly","$3.300000 hourly","unavailable","unavailable","unavailable","unavailable","$20.676 hourly","$18.375 hourly","$0.00 hourly"
"G2 Double Extra Large","g2.2xlarge","15.0 GiB","26 units","8 vCPUs","0","0","3.25 units","","","","","","60 GiB               SSD","No","No","64-bit","","1000.0 Mbps","125.0 MB/s","8000.0 IOPS","60","No","No","No","Yes","Unknown","$0.650000 hourly","$0.474000 hourly","$0.78 hourly","$0.604 hourly","$0.75 hourly","$0.510 hourly","$0.767000 hourly","$0.611000 hourly","$0.957 hourly","$0.775 hourly","$3.816 hourly","$3.754 hourly","unavailable","unavailable","$0.05 hourly"
"G2 Eight Extra Large","g2.8xlarge","60.0 GiB","104 units","32 vCPUs","0","0","3.25 units","","","","","","240 GiB               (2 * 120 GiB SSD)","No","No","64-bit","","N/A","0 MB/s","0 IOPS","240","No","No","No","Yes","Unknown","$2.600000 hourly","$1.896000 hourly","$2.73 hourly","$2.026 hourly","$2.7 hourly","$1.933 hourly","$2.878000 hourly","$1.979000 hourly","unavailable","unavailable","unavailable","unavailable","$16.072 hourly","$15.369 hourly","unavailable"
"High Memory Cluster Eight Extra Large","cr1.8xlarge","244.0 GiB","88 units","32 vCPUs","0","0","2.75 units","","","","","","240 GiB               (2 * 120 GiB SSD)","No","No","64-bit","10 Gigabit","N/A","0 MB/s","0 IOPS","240","No","No","No","No","Unknown","$3.500000 hourly","$1.689000 hourly","$3.63 hourly","$1.819 hourly","$3.6 hourly","$1.725 hourly","$3.831000 hourly","$2.077000 hourly","$4.044 hourly","$2.327 hourly","$7.25 hourly","$6.077 hourly","unavailable","unavailable","unavailable"
"M3 General Purpose Medium","m3.medium","3.75 GiB","3 units","1 vCPUs","0","0","3 units","Intel Xeon E5-2670 v2","2.5","Yes","","Yes","4 GiB               SSD","No","No","64-bit","Moderate","N/A","0 MB/s","0 IOPS","12","No","No","No","No","HVM, PV","$0.067000 hourly","$0.048000 hourly","$0.127 hourly","$0.108 hourly","$0.167 hourly","$0.081 hourly","$0.130000 hourly","$0.100000 hourly","$0.184 hourly","$0.127 hourly","$0.353 hourly","$0.221 hourly","unavailable","unavailable","unavailable"
"M3 General Purpose Large","m3.large","7.5 GiB","6.5 units","2 vCPUs","0","0","3.25 units","Intel Xeon E5-2670 v2","2.5","Yes","","Yes","32 GiB               SSD","No","No","64-bit","Moderate","N/A","0 MB/s","0 IOPS","30","No","No","No","No","HVM, PV","$0.133000 hourly","$0.095000 hourly","$0.193 hourly","$0.155 hourly","$0.233 hourly","$0.128 hourly","$0.259000 hourly","$0.199000 hourly","$0.367 hourly","$0.239 hourly","$0.704 hourly","$0.442 hourly","unavailable","unavailable","unavailable"
"M3 General Purpose Extra Large","m3.xlarge","15.0 GiB","13 units","4 vCPUs","0","0","3.25 units","Intel Xeon E5-2670 v2","2.5","Yes","","Yes","80 GiB               (2 * 40 GiB SSD)","No","No","64-bit","High","500.0 Mbps","62.5 MB/s","4000.0 IOPS","60","No","No","No","No","HVM, PV","$0.266000 hourly","$0.190000 hourly","$0.326 hourly","$0.250 hourly","$0.366 hourly","$0.223 hourly","$0.518000 hourly","$0.397000 hourly","$0.734 hourly","$0.479 hourly","$1.266 hourly","$0.882 hourly","$1.95 hourly","$1.878 hourly","$0.025 hourly"
"M3 General Purpose Double Extra Large","m3.2xlarge","30.0 GiB","26 units","8 vCPUs","0","0","3.25 units","Intel Xeon E5-2670 v2","2.5","Yes","","Yes","160 GiB               (2 * 80 GiB SSD)","No","No","64-bit","High","1000.0 Mbps","125.0 MB/s","8000.0 IOPS","120","No","No","No","No","HVM, PV","$0.532000 hourly","$0.380000 hourly","$0.662 hourly","$0.510 hourly","$0.632 hourly","$0.413 hourly","$1.036000 hourly","$0.793000 hourly","$1.468 hourly","$0.957 hourly","$2.532 hourly","$1.661 hourly","$3.9 hourly","$3.756 hourly","$0.05 hourly"
"C3 High-CPU Large","c3.large","3.75 GiB","7 units","2 vCPUs","0","0","3.5 units","Intel Xeon E5-2680 v2","2.8","Yes","","","32 GiB               (2 * 16 GiB SSD)","No","No","32/64-bit","Moderate","N/A","0 MB/s","0 IOPS","30","Yes","No","Yes","Yes","HVM, PV","$0.105000 hourly","$0.073000 hourly","$0.165 hourly","$0.133 hourly","$0.205 hourly","$0.109 hourly","$0.188000 hourly","$0.165000 hourly","$0.271 hourly","$0.192 hourly","$0.561 hourly","$0.406 hourly","unavailable","unavailable","unavailable"
"C3 High-CPU Extra Large","c3.xlarge","7.5 GiB","14 units","4 vCPUs","0","0","3.5 units","Intel Xeon E5-2680 v2","2.8","Yes","","","80 GiB               (2 * 40 GiB SSD)","No","No","64-bit","Moderate","500.0 Mbps","62.5 MB/s","4000.0 IOPS","60","Yes","No","Yes","Yes","HVM, PV","$0.210000 hourly","$0.146000 hourly","$0.27 hourly","$0.206 hourly","$0.31 hourly","$0.182 hourly","$0.376000 hourly","$0.329000 hourly","$0.542 hourly","$0.386 hourly","$1.066 hourly","$0.771 hourly","$1.894 hourly","$1.833 hourly","$0.02 hourly"
"C3 High-CPU Double Extra Large","c3.2xlarge","15.0 GiB","28 units","8 vCPUs","0","0","3.5 units","Intel Xeon E5-2680 v2","2.8","Yes","","","160 GiB               (2 * 80 GiB SSD)","No","No","64-bit","High","1000.0 Mbps","125.0 MB/s","8000.0 IOPS","60","Yes","No","Yes","Yes","HVM, PV","$0.420000 hourly","$0.292000 hourly","$0.55 hourly","$0.422 hourly","$0.52 hourly","$0.328 hourly","$0.752000 hourly","$0.657000 hourly","$1.083 hourly","$0.771 hourly","$2.131 hourly","$1.542 hourly","$3.788 hourly","$3.664 hourly","$0.05 hourly"
"C3 High-CPU Quadruple Extra Large","c3.4xlarge","30.0 GiB","55 units","16 vCPUs","0","0","3.438 units","Intel Xeon E5-2680 v2","2.8","Yes","","","320 GiB               (2 * 160 GiB SSD)","No","No","64-bit","High","2000.0 Mbps","250.0 MB/s","16000.0 IOPS","240","Yes","No","Yes","Yes","HVM, PV","$0.840000 hourly","$0.584000 hourly","$0.97 hourly","$0.714 hourly","$0.94 hourly","$0.620 hourly","$1.504000 hourly","$1.317000 hourly","$2.166 hourly","$1.540 hourly","$4.262 hourly","$3.084 hourly","$7.576 hourly","$7.329 hourly","$0.10 hourly"
"C3 High-CPU Eight Extra Large","c3.8xlarge","60.0 GiB","108 units","32 vCPUs","0","0","3.375 units","Intel Xeon E5-2680 v2","2.8","Yes","","","640 GiB               (2 * 320 GiB SSD)","No","No","64-bit","10 Gigabit","N/A","0 MB/s","0 IOPS","240","Yes","No","Yes","Yes","HVM, PV","$1.680000 hourly","$1.168000 hourly","$1.81 hourly","$1.298 hourly","$1.78 hourly","$1.204 hourly","$3.008000 hourly","$2.631000 hourly","$4.332 hourly","$3.081 hourly","$8.523 hourly","$6.170 hourly","$15.152 hourly","$14.657 hourly","unavailable"
"X1 Extra High-Memory 16xlarge","x1.16xlarge","976.0 GiB","174.5 units","64 vCPUs","0","0","2.727 units","Intel Xeon E7-8880 v3","2.3","Yes","Yes","Yes","1920 GiB               SSD","Yes","No","64-bit","10 Gigabit","7000.0 Mbps","875.0 MB/s","40000.0 IOPS","240","Yes","Yes","Yes","Yes","HVM","$6.669000 hourly","$4.110000 hourly","$6.799 hourly","$4.240 hourly","$6.769 hourly","$4.143 hourly","$9.613000 hourly","$7.054000 hourly","$10.94 hourly","$8.136 hourly","$17.293 hourly","$14.734 hourly","$33.613 hourly","$31.054 hourly","0"
"X1 Extra High-Memory 32xlarge","x1.32xlarge","1952.0 GiB","349 units","128 vCPUs","0","0","2.727 units","Intel Xeon E7-8880 v3","2.3","Yes","Yes","Yes","3840 GiB               (2 * 1920 GiB SSD)","Yes","No","64-bit","25 Gigabit","14000.0 Mbps","1750.0 MB/s","80000.0 IOPS","240","Yes","Yes","Yes","Yes","HVM","$13.338000 hourly","$8.219000 hourly","$13.468 hourly","$8.349 hourly","$13.438 hourly","$8.252 hourly","$19.226000 hourly","$14.107000 hourly","$21.88 hourly","$16.271 hourly","$34.586 hourly","$29.467 hourly","$67.226 hourly","$62.107 hourly","0"
"X1E Extra Large","x1e.xlarge","122.0 GiB","12 units","4 vCPUs","0","0","3 units","Intel Xeon E7-8880 v3","2.3","Yes","Yes","","120 GiB               SSD","Yes","No","64-bit","Up to 10 Gigabit","500.0 Mbps","62.5 MB/s","3700.0 IOPS","30","Yes","Yes","No","No","HVM","$0.834000 hourly","$0.514000 hourly","$0.894 hourly","$0.574 hourly","$0.934 hourly","$0.547 hourly","$1.018000 hourly","$0.698000 hourly","$1.086 hourly","$0.766 hourly","$1.498 hourly","$1.178 hourly","$2.518 hourly","$2.198 hourly","0"
"X1E Double Extra Large","x1e.2xlarge","244.0 GiB","23 units","8 vCPUs","0","0","2.875 units","Intel Xeon E7-8880 v3","2.3","Yes","Yes","","240 GiB               SSD","Yes","No","64-bit","Up to 10 Gigabit","1000.0 Mbps","125.0 MB/s","7400.0 IOPS","60","Yes","Yes","No","No","HVM","$1.668000 hourly","$1.028000 hourly","$1.798 hourly","$1.158 hourly","$1.768 hourly","$1.061 hourly","$2.036000 hourly","$1.396000 hourly","$2.171 hourly","$1.531 hourly","$2.996 hourly","$2.356 hourly","$5.036 hourly","$4.396 hourly","0"
"X1E Quadruple Extra Large","x1e.4xlarge","488.0 GiB","47 units","16 vCPUs","0","0","2.938 units","Intel Xeon E7-8880 v3","2.3","Yes","Yes","","480 GiB               SSD","Yes","No","64-bit","Up to 10 Gigabit","1750.0 Mbps","218.75 MB/s","10000.0 IOPS","60","Yes","Yes","No","No","HVM","$3.336000 hourly","$2.056000 hourly","$3.466 hourly","$2.186 hourly","$3.436 hourly","$2.089 hourly","$4.072000 hourly","$2.792000 hourly","$4.342 hourly","$3.062 hourly","$5.992 hourly","$4.712 hourly","$10.072 hourly","$8.792 hourly","0"
"X1E Eight Extra Large","x1e.8xlarge","976.0 GiB","91 units","32 vCPUs","0","0","2.844 units","Intel Xeon E7-8880 v3","2.3","Yes","Yes","Yes","960 GiB               SSD","Yes","No","64-bit","Up to 10 Gigabit","3500.0 Mbps","437.5 MB/s","20000.0 IOPS","60","Yes","Yes","No","No","HVM","$6.672000 hourly","$4.112000 hourly","$6.802 hourly","$4.242 hourly","$6.772 hourly","$4.145 hourly","$8.144000 hourly","$5.584000 hourly","$8.685 hourly","$6.124 hourly","$11.984 hourly","$9.424 hourly","$20.144 hourly","$17.584 hourly","0"
"X1E 16xlarge","x1e.16xlarge","1952.0 GiB","179 units","64 vCPUs","0","0","2.797 units","Intel Xeon E7-8880 v3","2.3","Yes","Yes","Yes","1920 GiB               SSD","Yes","No","64-bit","10 Gigabit","7000.0 Mbps","875.0 MB/s","40000.0 IOPS","240","Yes","Yes","No","No","HVM","$13.344000 hourly","$8.223000 hourly","$13.474 hourly","$8.353 hourly","$13.444 hourly","$8.256 hourly","$16.288000 hourly","$11.167000 hourly","$17.37 hourly","$12.249 hourly","$23.968 hourly","$18.847 hourly","$40.288 hourly","$35.167 hourly","0"
"X1E 32xlarge","x1e.32xlarge","3904.0 GiB","340 units","128 vCPUs","0","0","2.656 units","Intel Xeon E7-8880 v3","2.3","Yes","Yes","Yes","3840 GiB               (2 * 1920 GiB SSD)","Yes","No","64-bit","25 Gigabit","14000.0 Mbps","1750.0 MB/s","80000.0 IOPS","240","Yes","Yes","No","No","HVM","$26.688000 hourly","$16.446000 hourly","$26.818 hourly","$16.576 hourly","$26.788 hourly","$16.479 hourly","$32.576000 hourly","$22.334000 hourly","$34.74 hourly","$24.498 hourly","$47.936 hourly","$37.694 hourly","$80.576 hourly","$70.334 hourly","0"
"I2 Extra Large","i2.xlarge","30.5 GiB","14 units","4 vCPUs","0","0","3.5 units","","","","","","800 GiB               SSD","Yes","Yes","64-bit","Moderate","500.0 Mbps","62.5 MB/s","4000.0 IOPS","60","No","No","Yes","Yes","HVM","$0.853000 hourly","$0.424000 hourly","$0.913 hourly","$0.484 hourly","$0.953 hourly","$0.460 hourly","$0.973000 hourly","$0.565000 hourly","$0.993 hourly","$0.578 hourly","$1.23 hourly","$0.768 hourly","$2.537 hourly","$2.108 hourly","$0.02 hourly"
"I2 Double Extra Large","i2.2xlarge","61.0 GiB","27 units","8 vCPUs","0","0","3.375 units","","","","","","1600 GiB               (2 * 800 GiB SSD)","Yes","Yes","64-bit","Moderate","1000.0 Mbps","125.0 MB/s","8000.0 IOPS","60","No","No","Yes","Yes","HVM","$1.705000 hourly","$0.848000 hourly","$1.835 hourly","$0.978 hourly","$1.805 hourly","$0.884 hourly","$1.946000 hourly","$1.131000 hourly","$1.986 hourly","$1.155 hourly","$2.459 hourly","$1.536 hourly","$5.073 hourly","$4.218 hourly","$0.05 hourly"
"I2 Quadruple Extra Large","i2.4xlarge","122.0 GiB","53 units","16 vCPUs","0","0","3.312 units","","","","","","3200 GiB               (4 * 800 GiB SSD)","Yes","Yes","64-bit","High","2000.0 Mbps","250.0 MB/s","16000.0 IOPS","240","No","No","Yes","Yes","HVM","$3.410000 hourly","$1.696000 hourly","$3.54 hourly","$1.826 hourly","$3.51 hourly","$1.732 hourly","$3.891000 hourly","$2.260000 hourly","$3.971 hourly","$2.311 hourly","$4.918 hourly","$3.071 hourly","$10.146 hourly","$8.435 hourly","$0.10 hourly"
"I2 Eight Extra Large","i2.8xlarge","244.0 GiB","104 units","32 vCPUs","0","0","3.25 units","","","","","","6400 GiB               (8 * 800 GiB SSD)","Yes","Yes","64-bit","10 Gigabit","N/A","0 MB/s","0 IOPS","240","No","No","Yes","Yes","HVM","$6.820000 hourly","$3.392000 hourly","$6.95 hourly","$3.522 hourly","$6.92 hourly","$3.428 hourly","$7.782000 hourly","$4.521000 hourly","$7.942 hourly","$4.623 hourly","$9.836 hourly","$6.142 hourly","$20.292 hourly","$16.870 hourly","unavailable"
"R3 High-Memory Large","r3.large","15.25 GiB","6.5 units","2 vCPUs","0","0","3.25 units","Intel Xeon E5-2670 v2","2.5","Yes","","Yes","32 GiB               SSD","Yes","Yes","64-bit","Moderate","N/A","0 MB/s","0 IOPS","30","Yes","No","Yes","Yes","HVM","$0.166000 hourly","$0.105000 hourly","$0.226 hourly","$0.165 hourly","$0.266 hourly","$0.138 hourly","$0.291000 hourly","$0.238000 hourly","$0.386 hourly","$0.272 hourly","$0.946 hourly","$0.833 hourly","unavailable","unavailable","unavailable"
"R3 High-Memory Extra Large","r3.xlarge","30.5 GiB","13 units","4 vCPUs","0","0","3.25 units","Intel Xeon E5-2670 v2","2.5","Yes","","Yes","80 GiB               SSD","Yes","Yes","64-bit","Moderate","500.0 Mbps","62.5 MB/s","4000.0 IOPS","60","Yes","No","Yes","Yes","HVM","$0.333000 hourly","$0.209000 hourly","$0.393 hourly","$0.269 hourly","$0.433 hourly","$0.242 hourly","$0.583000 hourly","$0.428000 hourly","$0.738 hourly","$0.519 hourly","$1.378 hourly","$1.213 hourly","$2.017 hourly","$1.895 hourly","$0.02 hourly"
"R3 High-Memory Double Extra Large","r3.2xlarge","61.0 GiB","26 units","8 vCPUs","0","0","3.25 units","Intel Xeon E5-2670 v2","2.5","Yes","","Yes","160 GiB               SSD","Yes","Yes","64-bit","High","1000.0 Mbps","125.0 MB/s","8000.0 IOPS","60","Yes","No","Yes","Yes","HVM","$0.665000 hourly","$0.418000 hourly","$0.795 hourly","$0.548 hourly","$0.765 hourly","$0.451 hourly","$1.045000 hourly","$0.824000 hourly","$1.52 hourly","$1.069 hourly","$2.74 hourly","$2.412 hourly","$4.033 hourly","$3.789 hourly","$0.05 hourly"
"R3 High-Memory Quadruple Extra Large","r3.4xlarge","122.0 GiB","52 units","16 vCPUs","0","0","3.25 units","Intel Xeon E5-2670 v2","2.5","Yes","","Yes","320 GiB               SSD","Yes","Yes","64-bit","High","2000.0 Mbps","250.0 MB/s","16000.0 IOPS","240","Yes","No","Yes","Yes","HVM","$1.330000 hourly","$0.836000 hourly","$1.46 hourly","$0.966 hourly","$1.43 hourly","$0.869 hourly","$1.944000 hourly","$1.490000 hourly","$2.295 hourly","$1.617 hourly","$4.585 hourly","$4.041 hourly","$8.066 hourly","$7.579 hourly","$0.10 hourly"
"R3 High-Memory Eight Extra Large","r3.8xlarge","244.0 GiB","104 units","32 vCPUs","0","0","3.25 units","Intel Xeon E5-2670 v2","2.5","Yes","","Yes","640 GiB               (2 * 320 GiB SSD)","Yes","Yes","64-bit","10 Gigabit","N/A","0 MB/s","0 IOPS","240","Yes","No","Yes","Yes","HVM","$2.660000 hourly","$1.672000 hourly","$2.79 hourly","$1.802 hourly","$2.76 hourly","$1.705 hourly","$3.500000 hourly","$1.989000 hourly","$3.855 hourly","$2.717 hourly","$8.615 hourly","$7.594 hourly","$16.132 hourly","$15.158 hourly","unavailable"
"F1 Double Extra Large","f1.2xlarge","122.0 GiB","26 units","8 vCPUs","0","1","3.25 units","Intel Xeon E5-2686 v4","2.3 (base) 2.7 (turbo)","Yes","Yes","Yes","470 GiB               NVMe SSD","Yes","Yes","64-bit","Up to 10 Gigabit","1700.0 Mbps","212.5 MB/s","12000.0 IOPS","60","Yes","Yes","Yes","Yes","HVM","$1.650000 hourly","$1.116000 hourly","$1.78 hourly","$1.246 hourly","$1.75 hourly","$1.149 hourly","unavailable","unavailable","unavailable","unavailable","unavailable","unavailable","unavailable","unavailable","0"
"F1 16xlarge","f1.16xlarge","976.0 GiB","188 units","64 vCPUs","0","8","2.938 units","Intel Xeon E5-2686 v4","2.3 (base) 2.7 (turbo)","Yes","Yes","Yes","3760 GiB               (4 * 940 GiB NVMe SSD)","Yes","Yes","64-bit","25 Gigabit","14000.0 Mbps","1750.0 MB/s","75000.0 IOPS","400","Yes","Yes","Yes","Yes","HVM","$13.200000 hourly","$8.925000 hourly","$13.33 hourly","$9.055 hourly","$13.3 hourly","$8.958 hourly","unavailable","unavailable","unavailable","unavailable","unavailable","unavailable","unavailable","unavailable","0"
"I3 High I/O Large","i3.large","15.25 GiB","7 units","2 vCPUs","0","0","3.5 units","","","","","","475 GiB               NVMe SSD","Yes","Yes","64-bit","Up to 10 Gigabit","425.0 Mbps","53.13 MB/s","3000.0 IOPS","30","Yes","Yes","Yes","Yes","HVM","$0.156000 hourly","$0.107000 hourly","$0.216 hourly","$0.167 hourly","$0.256 hourly","$0.140 hourly","$0.248000 hourly","$0.199000 hourly","$0.319 hourly","$0.270 hourly","$0.728 hourly","$0.679 hourly","unavailable","unavailable","0"
"I3 High I/O Extra Large","i3.xlarge","30.5 GiB","13 units","4 vCPUs","0","0","3.25 units","","","","","","950 GiB               NVMe SSD","Yes","Yes","64-bit","Up to 10 Gigabit","850.0 Mbps","106.25 MB/s","6000.0 IOPS","60","Yes","Yes","Yes","Yes","HVM","$0.312000 hourly","$0.214000 hourly","$0.372 hourly","$0.274 hourly","$0.412 hourly","$0.247 hourly","$0.496000 hourly","$0.398000 hourly","$0.567 hourly","$0.469 hourly","$0.976 hourly","$0.878 hourly","$1.996 hourly","$1.898 hourly","0"
"I3 High I/O Double Extra Large","i3.2xlarge","61.0 GiB","27 units","8 vCPUs","0","0","3.375 units","","","","","","1900 GiB               NVMe SSD","Yes","Yes","64-bit","Up to 10 Gigabit","1700.0 Mbps","212.5 MB/s","12000.0 IOPS","60","Yes","Yes","Yes","Yes","HVM","$0.624000 hourly","$0.428000 hourly","$0.754 hourly","$0.558 hourly","$0.724 hourly","$0.461 hourly","$0.992000 hourly","$0.796000 hourly","$1.133 hourly","$0.937 hourly","$1.952 hourly","$1.756 hourly","$3.992 hourly","$3.796 hourly","0"
"I3 High I/O Quadruple Extra Large","i3.4xlarge","122.0 GiB","53 units","16 vCPUs","0","0","3.312 units","","","","","","3800 GiB               (2 * 1900 GiB NVMe SSD)","Yes","Yes","64-bit","Up to 10 Gigabit","3500.0 Mbps","437.5 MB/s","16000.0 IOPS","240","Yes","Yes","Yes","Yes","HVM","$1.248000 hourly","$0.857000 hourly","$1.378 hourly","$0.987 hourly","$1.348 hourly","$0.890 hourly","$1.984000 hourly","$1.593000 hourly","$2.266 hourly","$1.875 hourly","$3.904 hourly","$3.513 hourly","$7.984 hourly","$7.593 hourly","0"
"I3 High I/O Eight Extra Large","i3.8xlarge","244.0 GiB","99 units","32 vCPUs","0","0","3.094 units","","","","","","7600 GiB               (4 * 1900 GiB NVMe SSD)","Yes","Yes","64-bit","10 Gigabit","7000.0 Mbps","875.0 MB/s","32500.0 IOPS","240","Yes","Yes","Yes","Yes","HVM","$2.496000 hourly","$1.714000 hourly","$2.626 hourly","$1.844 hourly","$2.596 hourly","$1.747 hourly","$3.968000 hourly","$3.186000 hourly","$4.532 hourly","$3.750 hourly","$7.808 hourly","$7.026 hourly","$15.968 hourly","$15.186 hourly","0"
"I3 High I/O 16xlarge","i3.16xlarge","488.0 GiB","200 units","64 vCPUs","0","0","3.125 units","","","","","","15200 GiB               (8 * 1900 GiB NVMe SSD)","Yes","Yes","64-bit","25 Gigabit","14000.0 Mbps","1750.0 MB/s","65000.0 IOPS","750","Yes","Yes","Yes","Yes","HVM","$4.992000 hourly","$3.427000 hourly","$5.122 hourly","$3.557 hourly","$5.092 hourly","$3.460 hourly","$7.936000 hourly","$6.371000 hourly","$9.063 hourly","$7.498 hourly","$15.616 hourly","$14.051 hourly","$31.936 hourly","$30.371 hourly","0"